{"cameraMode":{"drawMode":0,"name":"Shaded","section":"Shading Mode"},"sceneLighting":true,"audioPlay":false,"sceneViewState":{"m_AlwaysRefresh":false,"showFog":true,"showSkybox":true,"showFlares":true,"showImageEffects":true,"showParticleSystems":true,"showVisualEffectGraphs":true,"m_FxEnabled":true},"in2DMode":false,"pivot":{"x":430.0757141113281,"y":757.1686401367188,"z":-107.70254516601563},"rotation":{"x":-0.06625556945800781,"y":-0.01287432573735714,"z":0.0008548579062335193,"w":-0.997722864151001},"size":529.4777221679688,"orthographic":true}