{"cameraMode":{"drawMode":0,"name":"Shaded","section":"Shading Mode"},"sceneLighting":true,"audioPlay":false,"sceneViewState":{"m_AlwaysRefresh":false,"showFog":true,"showSkybox":true,"showFlares":true,"showImageEffects":true,"showParticleSystems":true,"showVisualEffectGraphs":true,"m_FxEnabled":true},"in2DMode":false,"pivot":{"x":829.5604248046875,"y":-89.51383972167969,"z":-151.09902954101563},"rotation":{"x":-0.025804976001381875,"y":-0.011398985050618649,"z":0.00029417462064884603,"w":-0.9996054172515869},"size":927.5314331054688,"orthographic":true}