{"cameraMode":{"drawMode":0,"name":"Shaded","section":"Shading Mode"},"sceneLighting":true,"audioPlay":false,"sceneViewState":{"m_AlwaysRefresh":false,"showFog":true,"showSkybox":true,"showFlares":true,"showImageEffects":true,"showParticleSystems":true,"showVisualEffectGraphs":true,"m_FxEnabled":true},"in2DMode":false,"pivot":{"x":388.531982421875,"y":391.48004150390627,"z":-49.19659423828125},"rotation":{"x":0.043177176266908649,"y":0.0020950562320649626,"z":0.00009044737817021087,"w":-0.9990684986114502},"size":476.7768249511719,"orthographic":true}